<?xml version="1.0" encoding="UTF-8"?>
<project-private xmlns="http://www.netbeans.org/ns/project-private/1">
    <editor-bookmarks xmlns="http://www.netbeans.org/ns/editor-bookmarks/2" lastBookmarkId="0"/>
    <open-files xmlns="http://www.netbeans.org/ns/projectui-open-files/2">
        <group>
            <file>file:/C:/Users/user/Desktop/OOP%20Project/OOPS%20Project/src/oops/project/Send_Money.java</file>
            <file>file:/C:/Users/user/Desktop/OOP%20Project/OOPS%20Project/src/oops/project/Book_Now.java</file>
            <file>file:/C:/Users/user/Desktop/OOP%20Project/OOPS%20Project/src/oops/project/Sign_Up.java</file>
            <file>file:/C:/Users/user/Desktop/OOP%20Project/OOPS%20Project/src/oops/project/Add_Money.java</file>
            <file>file:/C:/Users/user/Desktop/OOP%20Project/OOPS%20Project/src/oops/project/Ride_History.java</file>
            <file>file:/C:/Users/user/Desktop/OOP%20Project/OOPS%20Project/src/oops/project/Profile.java</file>
            <file>file:/C:/Users/user/Desktop/OOP%20Project/OOPS%20Project/src/oops/project/Taxi_photo.jpg</file>
            <file>file:/C:/Users/user/Desktop/OOP%20Project/OOPS%20Project/src/oops/project/Wallet.java</file>
            <file>file:/C:/Users/user/Desktop/OOP%20Project/OOPS%20Project/src/oops/project/Trip_Completion.java</file>
            <file>file:/C:/Users/user/Desktop/OOP%20Project/OOPS%20Project/src/oops/project/Sign_In.java</file>
            <file>file:/C:/Users/user/Desktop/OOP%20Project/OOPS%20Project/src/oops/project/Wallet_history.java</file>
            <file>file:/C:/Users/user/Desktop/OOP%20Project/OOPS%20Project/src/oops/project/Trip_Details.java</file>
            <file>file:/C:/Users/user/Desktop/OOP%20Project/OOPS%20Project/src/oops/project/Booking_page.java</file>
            <file>file:/C:/Users/user/Desktop/OOP%20Project/OOPS%20Project/src/oops/project/Change_Password.java</file>
        </group>
    </open-files>
</project-private>
